product_category_id,name
74379e10-ee3d-484b-8faf-07453fdc1881,category_a
fbca82ae-0150-4784-ad45-755759c462ae,category_b
56ba37ed-38fe-4c3b-9d76-f9203fd5239f,category_c
34dd7db3-9048-4ba6-b3b9-e7e7dcbeb418,category_d
990d7ae6-bb17-422b-a681-c0e9d7c2ec00,category_e
4b2e94a7-ad72-4e87-bac0-0dc0e50df030,category_f
d5e339a1-62a4-4c78-b43b-5fe8f8fe3079,category_g
f2d17aba-c573-4516-9b04-04d54ec126db,category_h
c698e8c3-786d-41fb-ae22-1a99a871f3f8,category_i
8a80c11c-c748-4cd3-a068-b05b98d7e8a5,category_j
9bee96a8-9e46-4a0d-998b-211c94ceca70,category_k
5290b1aa-6b7f-43a9-9501-cf615fb34ae8,category_l
66613b52-c54c-4273-8d85-6c2ee28f10da,category_m
ebd96f1a-098b-4ef0-a174-e20340430d5f,category_n
45336f15-f8c3-471c-a71f-3d54dc11c3aa,category_o
ba272548-b28c-45c5-be52-dfd170c5ea1d,category_p
faa317e8-2a61-4af4-9d98-292bf06ccf16,category_q
271e6090-a67c-41ff-b21c-f5b0ed6d60f8,category_r
655218f5-dcc0-4de0-a3c0-ff665c320ec2,category_s
aaf6ae0c-653d-4f40-8761-101db3504c76,category_t
c95c5f34-c7cd-4ca9-bd4d-e7a1ca550e09,category_u
5ccbaf75-13f8-4221-a391-3f4ba8835b1a,category_v
83f5d589-9dc4-471d-90e0-87517fe3860e,category_w
1b75ef9a-6710-474a-9f13-a7406c1bb37c,category_x
c2bd8abf-5f44-457f-b315-54b9d952f691,category_y
7c3996d4-77b4-41ec-b17d-8138f6da26fa,category_z
59a535ed-4abd-4292-9611-c930d5328296,category_num
